60	AGAACATCTT	2.665073
97	GTTA	3.550778
86	--	3.550778
38	AAGG	6.284416
52	CTTTAGAGCTGTAT	6.284416
14	TTAAG	6.284416
44	CCGCGG	6.284416
68	C	2.764151
34	--	2.764151
8	AAGAAGAA	3.367301
1	----	6.284416
21	-----	6.284416
18	ATTCGATAT	3.343712
6	CTGATATCC	6.284416
49	--------------	4.350919
79	TAGA	3.404888
4	----------	3.404888
77	CTCAA	6.284416
22	AGTGC	6.284416
71	----------------------------------	4.407073
89	CTCTACT	4.407073
51	TAGATGTCGCTA	6.284416
85	GAAGGGGTAATTCCTCTGAGTT	6.284416
80	ATT	4.819368
81	GGTTCC	6.284416
35	TAT	6.284416
73	---------------------	6.284416
82	AAAGCGACTGACGG	3.764516
76	TCGTCG	3.764516
75	------	3.764516
67	----------	6.284416
61	AGGGTTACAC	6.284416
25	--	6.284416
11	CGCTAGCAAGTTTAC	3.298399
93	G	6.284416
62	TGGGGCA	6.284416
20	---------	3.863051
41	GTT	5.337508
33	AA	4.421938
94	CG	6.284416
91	----	6.284416
45	CCTCTTTGT	6.284416
48	CAATT	6.284416
30	TCAATTAATG	6.284416
40	AC	6.284416
92	-----	6.284416
47	--	6.284416
99	TAGGTAAT	6.284416
28	AGTGT	6.284416
78	C	6.284416
70	----	6.284416
37	GAAAGGC	6.284416
29	--	4.372948
57	AA	6.284416
88	CTGTGG	4.340642
2	---	6.284416
63	TCGATAAAGCATCCTC	6.284416
9	GTATGC	6.284416
10	TTAC	6.284416
13	----	6.284416
32	GCGCTGG	6.225676
15	CTTCGGC	6.284416
27	C	6.284416
