mutation_rate,sample_size,migration_matrix
0.1264 0.1264 0.1264 0.1264 0.1264 0.1264 0.1264 0.1264 0.1264 0.1264,100,data/true_migration_prob_matrix.csv
0.3173305 0.0009823 0.00000008 0.00000162 0.00000335 0.18609872 0.00000254 0 0 0,,
