81	AGTAGAGATGATGG	1.169158
99	TTAGG	1.411875
95	-	2.759075
91	CAGAGCTTGCCTAAGAG	2.184606
29	GACGCGTTTAA	3.246507
70	-----	5.243247
72	----------	5.243247
61	---	5.243247
41	----	1.78076
76	GAAAA	5.243247
74	---	5.243247
58	AGCCTAAAAT	5.243247
35	------	5.243247
32	----	5.243247
48	----------	5.243247
10	ATC	3.003176
33	CAGGCG	3.003176
93	--	5.243247
69	---------------	5.243247
56	GCCGGAGCGT	2.158733
36	-------------	3.365135
68	--	3.365135
5	-----	5.243247
67	---	3.007191
94	-------	5.243247
55	A	3.673711
9	G	3.221588
26	GGTGA	3.221588
18	-	3.221588
2	ACGGATCATT	5.243247
66	CG	2.888615
6	C	5.243247
47	-	5.243247
64	--	5.243247
7	GCGCATTCGT	5.243247
11	-------	5.243247
19	CCCTC	5.243247
96	-------------	3.902167
98	----------------	5.243247
90	--------------	3.316474
62	-	4.139263
22	CAA	5.243247
57	T	5.243247
77	CAG	2.777801
75	CGTGC	5.243247
50	GTG	5.243247
34	CGAAACCGCGT	5.243247
89	GC	5.243247
31	---	5.243247
14	AAT	5.243247
44	ATTGT	5.243247
53	---------	5.243247
59	T	5.243247
16	ACTCCTCAAGGTATTG	5.243247
27	GACTC	5.243247
42	-----	5.243247
30	TCATAA	5.243247
39	AT	5.243247
8	-----	5.243247
78	CTCAC	5.243247
82	---	5.243247
