,HMR,LGR,PRL
HMR,0.9710144927536232,0.028985507246376812,0.0
LGR,0.02586206896551724,0.9741379310344828,0.0
PRL,0.14042553191489363,0.13829787234042554,0.7212765957446808
